id,first_name,last_name,email,gender
1,Patricia,Williams,jennifer.anderson@example.com,Male
2,Charles,Hernandez,joseph.garcia@example.com,Male
3,Susan,Miller,jessica.garcia@example.com,Other
4,Patricia,Wilson,joseph.smith@example.com,Female
5,Jessica,Jones,karen.davis@example.com,Female
6,Jennifer,Martinez,mary.miller@example.com,Female
7,Jessica,Moore,michael.jackson@example.com,Other
8,Susan,Martinez,mary.williams@example.com,Male
9,Jessica,Wilson,susan.wilson@example.com,Male
10,Mary,Jackson,michael.moore@example.com,Male
11,Richard,Lopez,charles.moore@example.com,Other
12,James,Martin,linda.garcia@example.com,Male
13,David,Lopez,barbara.martin@example.com,Female
14,Jennifer,Smith,elizabeth.smith@example.com,Male
15,Richard,Garcia,david.miller@example.com,Female
16,Linda,Jones,mary.davis@example.com,Female
17,Thomas,Moore,michael.thomas@example.com,Other
18,Robert,Miller,thomas.jones@example.com,Other
19,Jessica,Thomas,mary.martin@example.com,Other
20,Patricia,Johnson,susan.jones@example.com,Female
21,Barbara,Smith,karen.hernandez@example.com,Female
22,Jennifer,Jackson,jessica.thomas@example.com,Female
23,Richard,Hernandez,richard.taylor@example.com,Male
24,Jessica,Lopez,sarah.wilson@example.com,Other
25,Barbara,Moore,jennifer.martinez@example.com,Other
26,John,Williams,james.johnson@example.com,Male
27,Patricia,Rodriguez,linda.jones@example.com,Male
28,Mary,Jackson,william.taylor@example.com,Male
29,James,Wilson,elizabeth.taylor@example.com,Other
30,Susan,Taylor,susan.martinez@example.com,Other
31,Robert,Johnson,charles.garcia@example.com,Male
32,Jessica,Gonzalez,elizabeth.jones@example.com,Female
33,Jennifer,Jackson,mary.moore@example.com,Female
34,Patricia,Martinez,michael.gonzalez@example.com,Female
35,David,Martinez,robert.thomas@example.com,Other
36,David,Moore,barbara.taylor@example.com,Female
37,Joseph,Hernandez,jennifer.taylor@example.com,Female
38,Karen,Gonzalez,elizabeth.garcia@example.com,Other
39,Barbara,Taylor,michael.hernandez@example.com,Male
40,Richard,Williams,karen.martinez@example.com,Female
41,Elizabeth,Jackson,karen.williams@example.com,Male
42,Linda,Jones,barbara.taylor@example.com,Female
43,Jessica,Taylor,richard.wilson@example.com,Other
44,James,Martinez,linda.gonzalez@example.com,Other
45,Patricia,Anderson,sarah.taylor@example.com,Female
46,David,Rodriguez,robert.smith@example.com,Female
47,James,Williams,patricia.johnson@example.com,Male
48,Michael,Lopez,barbara.martin@example.com,Other
49,Patricia,Thomas,susan.brown@example.com,Other
50,Mary,Lopez,mary.williams@example.com,Female
51,Sarah,Lopez,thomas.smith@example.com,Male
52,David,Smith,patricia.rodriguez@example.com,Other
53,Jennifer,Johnson,thomas.martin@example.com,Female
54,Patricia,Martin,susan.taylor@example.com,Female
55,Michael,Thomas,joseph.lopez@example.com,Other
56,Barbara,Gonzalez,james.gonzalez@example.com,Female
57,Thomas,Martin,david.rodriguez@example.com,Female
58,Robert,Hernandez,john.lopez@example.com,Female
59,Elizabeth,Taylor,barbara.taylor@example.com,Female
60,Karen,Moore,patricia.rodriguez@example.com,Other
61,Sarah,Smith,karen.rodriguez@example.com,Male
62,Joseph,Thomas,william.gonzalez@example.com,Female
63,Karen,Rodriguez,richard.rodriguez@example.com,Other
64,Jennifer,Wilson,mary.garcia@example.com,Male
65,Susan,Jackson,barbara.smith@example.com,Female
66,Richard,Thomas,david.thomas@example.com,Female
67,Michael,Lopez,patricia.martinez@example.com,Other
68,Jennifer,Jackson,michael.hernandez@example.com,Male
69,Linda,Gonzalez,karen.thomas@example.com,Female
70,Sarah,Garcia,richard.garcia@example.com,Female
71,Karen,Martin,susan.gonzalez@example.com,Other
72,Barbara,Smith,susan.moore@example.com,Other
73,Elizabeth,Davis,jessica.jones@example.com,Other
74,William,Hernandez,thomas.brown@example.com,Other
75,Michael,Wilson,thomas.wilson@example.com,Female
76,Jennifer,Smith,linda.gonzalez@example.com,Other
77,Sarah,Miller,susan.taylor@example.com,Female
78,Elizabeth,Lopez,david.jackson@example.com,Female
79,Charles,Johnson,susan.martin@example.com,Male
80,Robert,Davis,patricia.martinez@example.com,Other
81,James,Wilson,jennifer.martin@example.com,Other
82,Linda,Jones,charles.williams@example.com,Female
83,Jennifer,Brown,mary.brown@example.com,Other
84,Charles,Taylor,karen.martin@example.com,Male
85,Linda,Moore,sarah.jackson@example.com,Female
86,Mary,Johnson,barbara.martin@example.com,Other
87,Michael,Gonzalez,thomas.garcia@example.com,Other
88,Charles,Martin,william.taylor@example.com,Other
89,William,Jackson,william.hernandez@example.com,Other
90,Charles,Miller,barbara.wilson@example.com,Male
91,Karen,Williams,sarah.martinez@example.com,Female
92,James,Wilson,richard.rodriguez@example.com,Male
93,Linda,Garcia,joseph.smith@example.com,Male
94,Charles,Miller,karen.gonzalez@example.com,Other
95,Sarah,Davis,richard.hernandez@example.com,Male
96,Sarah,Johnson,linda.johnson@example.com,Other
97,Thomas,Hernandez,barbara.martinez@example.com,Female
98,Michael,Rodriguez,jessica.hernandez@example.com,Female
99,Patricia,Martin,barbara.smith@example.com,Female
100,Jennifer,Martin,william.rodriguez@example.com,Male
101,Richard,Wilson,susan.gonzalez@example.com,Female
102,William,Garcia,jessica.miller@example.com,Other
103,Jennifer,Hernandez,robert.miller@example.com,Female
104,William,Taylor,john.gonzalez@example.com,Female
105,Jessica,Gonzalez,james.wilson@example.com,Female
106,Susan,Thomas,john.smith@example.com,Other
107,David,Martinez,sarah.hernandez@example.com,Other
108,Joseph,Gonzalez,elizabeth.anderson@example.com,Female
109,Karen,Gonzalez,susan.brown@example.com,Female
110,Barbara,Davis,barbara.gonzalez@example.com,Other
111,James,Thomas,charles.jones@example.com,Male
112,Mary,Johnson,elizabeth.anderson@example.com,Female
113,Mary,Taylor,jessica.thomas@example.com,Other
114,Michael,Martin,michael.miller@example.com,Other
115,Patricia,Anderson,charles.anderson@example.com,Female
116,Richard,Taylor,william.gonzalez@example.com,Female
117,Karen,Martinez,michael.martinez@example.com,Male
118,Robert,Gonzalez,jessica.davis@example.com,Female
119,Barbara,Jones,jessica.martinez@example.com,Male
120,James,Martin,james.jones@example.com,Male
121,David,Martin,charles.moore@example.com,Female
122,Barbara,Lopez,thomas.garcia@example.com,Male
123,Patricia,Jackson,richard.garcia@example.com,Other
124,Richard,Garcia,thomas.smith@example.com,Other
125,Thomas,Davis,karen.anderson@example.com,Other
126,Susan,Rodriguez,mary.martin@example.com,Other
127,Richard,Davis,susan.wilson@example.com,Female
128,Thomas,Martinez,william.hernandez@example.com,Male
129,Robert,Williams,jennifer.taylor@example.com,Other
130,David,Garcia,william.rodriguez@example.com,Female
131,Patricia,Davis,james.garcia@example.com,Female
132,Jennifer,Moore,joseph.gonzalez@example.com,Other
133,Jennifer,Rodriguez,john.johnson@example.com,Female
134,Linda,Jones,jessica.garcia@example.com,Male
135,Mary,Martin,jessica.martin@example.com,Female
136,Barbara,Anderson,elizabeth.lopez@example.com,Female
137,Charles,Williams,joseph.martin@example.com,Female
138,Barbara,Wilson,joseph.taylor@example.com,Male
139,Charles,Martinez,james.garcia@example.com,Male
140,Patricia,Lopez,barbara.davis@example.com,Male
141,Charles,Jones,david.smith@example.com,Other
142,Elizabeth,Smith,charles.martin@example.com,Female
143,Richard,Johnson,robert.hernandez@example.com,Male
144,Patricia,Gonzalez,patricia.moore@example.com,Female
145,Robert,Rodriguez,linda.taylor@example.com,Male
146,Richard,Smith,james.gonzalez@example.com,Female
147,James,Gonzalez,sarah.hernandez@example.com,Other
148,Joseph,Johnson,james.jackson@example.com,Other
149,Charles,Jones,karen.thomas@example.com,Male
150,Karen,Lopez,james.anderson@example.com,Other
151,Mary,Gonzalez,elizabeth.martinez@example.com,Male
152,Jennifer,Brown,william.taylor@example.com,Female
153,Charles,Wilson,joseph.lopez@example.com,Male
154,Mary,Jackson,susan.anderson@example.com,Female
155,Michael,Jones,robert.gonzalez@example.com,Male
156,Robert,Anderson,linda.anderson@example.com,Female
157,Mary,Rodriguez,linda.garcia@example.com,Other
158,Robert,Taylor,barbara.hernandez@example.com,Other
159,John,Martinez,susan.thomas@example.com,Female
160,Jessica,Brown,jessica.brown@example.com,Female
161,Patricia,Miller,michael.thomas@example.com,Female
162,Elizabeth,Jackson,mary.anderson@example.com,Other
163,Karen,Thomas,robert.thomas@example.com,Male
164,Richard,Gonzalez,barbara.taylor@example.com,Male
165,Susan,Johnson,jessica.hernandez@example.com,Female
166,Sarah,Martin,susan.jackson@example.com,Other
167,Susan,Williams,linda.gonzalez@example.com,Female
168,James,Martinez,john.smith@example.com,Female
169,Linda,Moore,michael.smith@example.com,Other
170,Linda,Smith,linda.thomas@example.com,Male
171,Linda,Miller,elizabeth.smith@example.com,Male
172,Karen,Smith,john.thomas@example.com,Female
173,John,Williams,thomas.smith@example.com,Male
174,Richard,Anderson,david.hernandez@example.com,Male
175,James,Garcia,linda.jackson@example.com,Female
176,Susan,Anderson,david.moore@example.com,Female
177,Patricia,Brown,patricia.martinez@example.com,Female
178,Jessica,Gonzalez,jessica.smith@example.com,Other
179,Linda,Taylor,richard.moore@example.com,Other
180,David,Jackson,james.jones@example.com,Female
181,Karen,Thomas,sarah.martin@example.com,Other
182,Sarah,Moore,patricia.johnson@example.com,Female
183,Joseph,Rodriguez,john.jackson@example.com,Male
184,Thomas,Brown,susan.davis@example.com,Other
185,Richard,Thomas,michael.johnson@example.com,Female
186,James,Hernandez,elizabeth.brown@example.com,Female
187,Thomas,Jackson,elizabeth.anderson@example.com,Other
188,Jessica,Hernandez,jessica.lopez@example.com,Other
189,Thomas,Gonzalez,linda.garcia@example.com,Male
190,Karen,Jones,linda.jackson@example.com,Other
191,Joseph,Jones,sarah.gonzalez@example.com,Male
192,Barbara,Taylor,patricia.johnson@example.com,Female
193,Michael,Lopez,elizabeth.gonzalez@example.com,Male
194,Patricia,Martinez,john.wilson@example.com,Other
195,Patricia,Moore,charles.smith@example.com,Other
196,Thomas,Gonzalez,thomas.rodriguez@example.com,Other
197,Linda,Smith,michael.jones@example.com,Female
198,Charles,Hernandez,elizabeth.rodriguez@example.com,Female
199,Joseph,Gonzalez,sarah.rodriguez@example.com,Other
200,Linda,Jones,james.jackson@example.com,Male
201,Joseph,Johnson,michael.jones@example.com,Other
202,Charles,Miller,william.lopez@example.com,Male
203,Elizabeth,Johnson,david.thomas@example.com,Male
204,Mary,Moore,joseph.jones@example.com,Female
205,Sarah,Williams,patricia.garcia@example.com,Other
206,Barbara,Johnson,karen.lopez@example.com,Other
207,Elizabeth,Gonzalez,barbara.wilson@example.com,Other
208,Barbara,Gonzalez,jessica.hernandez@example.com,Female
209,Charles,Martin,barbara.garcia@example.com,Male
210,Elizabeth,Johnson,richard.davis@example.com,Male
211,Jessica,Jackson,robert.martinez@example.com,Other
212,Elizabeth,Moore,elizabeth.smith@example.com,Other
213,Barbara,Brown,elizabeth.moore@example.com,Other
214,Mary,Martin,richard.hernandez@example.com,Male
215,Joseph,Johnson,michael.martin@example.com,Female
216,David,Wilson,sarah.martinez@example.com,Male
217,Thomas,Anderson,karen.johnson@example.com,Male
218,Thomas,Thomas,linda.hernandez@example.com,Male
219,William,Davis,david.wilson@example.com,Male
220,Joseph,Jackson,david.brown@example.com,Male
221,Richard,Rodriguez,john.thomas@example.com,Other
222,Linda,Martinez,jennifer.martinez@example.com,Male
223,Thomas,Moore,robert.wilson@example.com,Male
224,David,Smith,karen.garcia@example.com,Female
225,Susan,Jones,karen.anderson@example.com,Female
226,Jennifer,Brown,charles.jackson@example.com,Other
227,Charles,Gonzalez,patricia.smith@example.com,Female
228,Robert,Williams,sarah.miller@example.com,Female
229,Susan,Miller,robert.lopez@example.com,Female
230,Charles,Taylor,karen.martin@example.com,Female
231,John,Jackson,jessica.thomas@example.com,Female
232,David,Taylor,patricia.johnson@example.com,Female
233,Susan,Thomas,elizabeth.taylor@example.com,Other
234,Michael,Lopez,david.williams@example.com,Other
235,Patricia,Smith,charles.wilson@example.com,Other
236,Elizabeth,Anderson,james.smith@example.com,Other
237,Sarah,Williams,thomas.thomas@example.com,Male
238,Joseph,Thomas,william.gonzalez@example.com,Male
239,Mary,Williams,elizabeth.wilson@example.com,Other
240,Thomas,Gonzalez,charles.gonzalez@example.com,Female
241,Barbara,Smith,joseph.martinez@example.com,Female
242,William,Davis,karen.garcia@example.com,Other
243,Michael,Smith,susan.rodriguez@example.com,Other
244,James,Gonzalez,susan.martinez@example.com,Female
245,Robert,Rodriguez,joseph.thomas@example.com,Male
246,Charles,Jackson,john.smith@example.com,Female
247,Richard,Moore,david.wilson@example.com,Female
248,Barbara,Rodriguez,joseph.martin@example.com,Male
249,Joseph,Wilson,jessica.martin@example.com,Female
250,Charles,Jones,patricia.garcia@example.com,Other
251,Charles,Lopez,karen.jackson@example.com,Male
252,Richard,Rodriguez,thomas.lopez@example.com,Female
253,Jennifer,Moore,joseph.jones@example.com,Female
254,Barbara,Brown,james.smith@example.com,Female
255,Barbara,Martinez,patricia.jackson@example.com,Female
256,Michael,Rodriguez,thomas.williams@example.com,Female
257,Sarah,Davis,karen.martinez@example.com,Male
258,Charles,Thomas,karen.williams@example.com,Male
259,Michael,Moore,susan.smith@example.com,Male
260,Mary,Thomas,mary.williams@example.com,Other
261,Jennifer,Anderson,james.rodriguez@example.com,Male
262,Michael,Anderson,sarah.martinez@example.com,Female
263,Elizabeth,Garcia,william.williams@example.com,Male
264,Sarah,Jones,richard.smith@example.com,Female
265,Thomas,Brown,susan.martinez@example.com,Male
266,Thomas,Hernandez,mary.rodriguez@example.com,Female
267,Barbara,Lopez,richard.taylor@example.com,Other
268,Mary,Anderson,jessica.smith@example.com,Male
269,Patricia,Martinez,linda.davis@example.com,Female
270,Joseph,Smith,charles.jackson@example.com,Other
271,John,Davis,jessica.smith@example.com,Female
272,Elizabeth,Williams,michael.davis@example.com,Male
273,David,Rodriguez,karen.rodriguez@example.com,Other
274,Michael,Wilson,joseph.martin@example.com,Other
275,David,Smith,richard.smith@example.com,Female
276,Richard,Martin,charles.martinez@example.com,Male
277,Patricia,Garcia,john.smith@example.com,Female
278,William,Miller,james.williams@example.com,Female
279,Mary,Anderson,linda.thomas@example.com,Male
280,Joseph,Wilson,michael.moore@example.com,Other
281,Richard,Martinez,linda.garcia@example.com,Other
282,Robert,Hernandez,robert.wilson@example.com,Other
283,John,Wilson,charles.rodriguez@example.com,Male
284,Richard,Anderson,sarah.jackson@example.com,Male
285,Linda,Jackson,joseph.lopez@example.com,Female
286,Elizabeth,Smith,sarah.jones@example.com,Other
287,Jessica,Miller,barbara.davis@example.com,Male
288,John,Garcia,thomas.brown@example.com,Female
289,John,Lopez,jessica.jones@example.com,Female
290,Linda,Martinez,james.davis@example.com,Other
291,Thomas,Garcia,susan.garcia@example.com,Other
292,Elizabeth,Miller,linda.moore@example.com,Male
293,Robert,Wilson,william.jackson@example.com,Other
294,William,Wilson,michael.gonzalez@example.com,Other
295,Linda,Taylor,barbara.smith@example.com,Male
296,Joseph,Garcia,patricia.wilson@example.com,Male
297,Michael,Anderson,sarah.rodriguez@example.com,Male
298,David,Martinez,susan.smith@example.com,Other
299,John,Anderson,karen.martin@example.com,Male
300,Karen,Williams,elizabeth.williams@example.com,Other
301,Elizabeth,Martinez,linda.jones@example.com,Male
302,Patricia,Wilson,thomas.gonzalez@example.com,Male
303,James,Taylor,william.wilson@example.com,Female
304,William,Hernandez,elizabeth.gonzalez@example.com,Male
305,Joseph,Wilson,robert.hernandez@example.com,Female
306,John,Williams,richard.jones@example.com,Other
307,Jennifer,Williams,patricia.thomas@example.com,Male
308,Linda,Brown,john.brown@example.com,Other
309,Jessica,Garcia,michael.jones@example.com,Other
310,Barbara,Lopez,william.jones@example.com,Male
311,Thomas,Miller,barbara.thomas@example.com,Female
312,Patricia,Davis,charles.anderson@example.com,Other
313,Jennifer,Brown,patricia.brown@example.com,Female
314,Jennifer,Jones,charles.lopez@example.com,Female
315,Karen,Wilson,james.williams@example.com,Other
316,Robert,Davis,barbara.anderson@example.com,Other
317,John,Smith,robert.brown@example.com,Female
318,Joseph,Martinez,james.martin@example.com,Female
319,Mary,Brown,barbara.williams@example.com,Female
320,Patricia,Martin,sarah.williams@example.com,Other
321,Richard,Garcia,thomas.garcia@example.com,Other
322,Charles,Hernandez,richard.rodriguez@example.com,Male
323,Richard,Taylor,linda.wilson@example.com,Female
324,Karen,Anderson,elizabeth.lopez@example.com,Other
325,Linda,Miller,william.lopez@example.com,Female
326,Susan,Wilson,jessica.thomas@example.com,Male
327,Charles,Brown,linda.brown@example.com,Female
328,John,Martinez,elizabeth.miller@example.com,Other
329,Linda,Jones,michael.anderson@example.com,Other
330,James,Brown,mary.miller@example.com,Male
331,Karen,Lopez,karen.anderson@example.com,Other
332,Elizabeth,Gonzalez,richard.williams@example.com,Other
333,John,Anderson,richard.miller@example.com,Female
334,Karen,Thomas,elizabeth.miller@example.com,Other
335,Mary,Martin,linda.davis@example.com,Female
336,Linda,Rodriguez,michael.garcia@example.com,Other
337,John,Jackson,john.anderson@example.com,Other
338,Richard,Hernandez,richard.johnson@example.com,Female
339,Jennifer,Moore,david.martin@example.com,Male
340,Jessica,Jones,patricia.lopez@example.com,Other
341,Charles,Martin,john.johnson@example.com,Male
342,Jennifer,Lopez,joseph.davis@example.com,Male
343,Richard,Miller,barbara.miller@example.com,Other
344,Susan,Hernandez,jennifer.smith@example.com,Male
345,David,Lopez,michael.smith@example.com,Other
346,Richard,Davis,linda.hernandez@example.com,Male
347,Sarah,Brown,jennifer.martinez@example.com,Male
348,John,Brown,john.williams@example.com,Female
349,Robert,Martinez,barbara.brown@example.com,Female
350,John,Gonzalez,michael.hernandez@example.com,Other
351,Joseph,Smith,patricia.hernandez@example.com,Female
352,Linda,Anderson,joseph.rodriguez@example.com,Female
353,Karen,Miller,michael.gonzalez@example.com,Female
354,Charles,Taylor,joseph.anderson@example.com,Male
355,Mary,Hernandez,william.smith@example.com,Male
356,Michael,Hernandez,mary.moore@example.com,Male
357,John,Taylor,joseph.rodriguez@example.com,Other
358,Patricia,Rodriguez,linda.rodriguez@example.com,Other
359,Thomas,Lopez,karen.lopez@example.com,Other
360,Jennifer,Garcia,sarah.thomas@example.com,Male
361,Karen,Williams,sarah.garcia@example.com,Male
362,Robert,Martin,sarah.johnson@example.com,Male
363,Linda,Gonzalez,susan.davis@example.com,Female
364,Richard,Wilson,michael.smith@example.com,Female
365,Mary,Martinez,thomas.smith@example.com,Female
366,Karen,Garcia,michael.davis@example.com,Female
367,Sarah,Jackson,linda.taylor@example.com,Other
368,Karen,Wilson,john.miller@example.com,Female
369,Thomas,Rodriguez,charles.garcia@example.com,Other
370,Linda,Taylor,jessica.davis@example.com,Female
371,Sarah,Taylor,jennifer.rodriguez@example.com,Female
372,Elizabeth,Thomas,elizabeth.wilson@example.com,Other
373,Thomas,Taylor,sarah.hernandez@example.com,Female
374,Robert,Jones,joseph.brown@example.com,Female
375,Mary,Davis,jessica.davis@example.com,Other
376,Susan,Garcia,thomas.moore@example.com,Female
377,David,Martinez,david.garcia@example.com,Male
378,Jennifer,Garcia,william.davis@example.com,Other
379,Richard,Thomas,william.taylor@example.com,Other
380,Karen,Martinez,james.taylor@example.com,Male
381,Patricia,Anderson,jennifer.taylor@example.com,Female
382,Mary,Anderson,jennifer.smith@example.com,Other
383,Elizabeth,Hernandez,william.hernandez@example.com,Other
384,Mary,Smith,richard.davis@example.com,Other
385,Barbara,Hernandez,charles.moore@example.com,Male
386,William,Lopez,susan.garcia@example.com,Other
387,Richard,Jackson,susan.rodriguez@example.com,Male
388,William,Smith,thomas.brown@example.com,Female
389,Richard,Rodriguez,linda.jones@example.com,Female
390,Jessica,Taylor,jessica.thomas@example.com,Female
391,Linda,Miller,elizabeth.taylor@example.com,Female
392,Richard,Lopez,barbara.martin@example.com,Male
393,Joseph,Williams,susan.davis@example.com,Male
394,Jessica,Gonzalez,linda.jackson@example.com,Other
395,Patricia,Lopez,patricia.lopez@example.com,Female
396,Mary,Moore,jessica.wilson@example.com,Other
397,Linda,Brown,william.jackson@example.com,Other
398,Joseph,Jackson,james.garcia@example.com,Other
399,Jennifer,Taylor,jennifer.brown@example.com,Other
400,Thomas,Martinez,charles.brown@example.com,Other
401,Jessica,Rodriguez,susan.wilson@example.com,Male
402,Joseph,Davis,elizabeth.miller@example.com,Other
403,Patricia,Martin,william.johnson@example.com,Female
404,James,Johnson,mary.martinez@example.com,Other
405,Jennifer,Taylor,thomas.wilson@example.com,Female
406,Elizabeth,Lopez,jessica.martin@example.com,Female
407,James,Jones,james.jackson@example.com,Female
408,Patricia,Thomas,jennifer.wilson@example.com,Other
409,Richard,Lopez,karen.taylor@example.com,Other
410,Elizabeth,Davis,robert.martinez@example.com,Other
411,Jennifer,Martin,richard.moore@example.com,Female
412,Richard,Brown,michael.davis@example.com,Male
413,John,Lopez,david.lopez@example.com,Female
414,Michael,Johnson,john.martin@example.com,Female
415,Joseph,Martinez,patricia.martinez@example.com,Female
416,Michael,Miller,karen.davis@example.com,Other
417,William,Taylor,michael.martin@example.com,Male
418,James,Jackson,joseph.lopez@example.com,Male
419,Sarah,Johnson,patricia.rodriguez@example.com,Other
420,Joseph,Smith,thomas.moore@example.com,Other
421,Michael,Lopez,michael.martinez@example.com,Other
422,Joseph,Smith,john.thomas@example.com,Other
423,David,Moore,jennifer.moore@example.com,Other
424,James,Williams,karen.thomas@example.com,Male
425,Michael,Taylor,robert.miller@example.com,Male
426,Joseph,Moore,linda.martinez@example.com,Male
427,Susan,Davis,karen.johnson@example.com,Male
428,William,Smith,james.rodriguez@example.com,Other
429,Richard,Rodriguez,linda.gonzalez@example.com,Other
430,Linda,Rodriguez,thomas.hernandez@example.com,Male
431,Patricia,Moore,patricia.rodriguez@example.com,Other
432,Mary,Gonzalez,barbara.rodriguez@example.com,Other
433,Robert,Hernandez,david.rodriguez@example.com,Male
434,Mary,Smith,elizabeth.miller@example.com,Other
435,Thomas,Smith,mary.brown@example.com,Male
436,Jessica,Martin,thomas.lopez@example.com,Other
437,Elizabeth,Miller,jessica.moore@example.com,Other
438,James,Garcia,charles.jackson@example.com,Other
439,Barbara,Martinez,barbara.johnson@example.com,Male
440,Sarah,Thomas,richard.taylor@example.com,Male
441,William,Brown,sarah.brown@example.com,Other
442,Linda,Gonzalez,david.thomas@example.com,Male
443,Susan,Johnson,charles.lopez@example.com,Female
444,William,Miller,charles.moore@example.com,Female
445,Mary,Jackson,jennifer.miller@example.com,Other
446,Richard,Rodriguez,sarah.martinez@example.com,Other
447,Joseph,Anderson,david.wilson@example.com,Other
448,Linda,Martinez,charles.hernandez@example.com,Female
449,Karen,Smith,william.garcia@example.com,Female
450,Richard,Davis,susan.johnson@example.com,Male
451,Sarah,Gonzalez,linda.anderson@example.com,Male
452,Mary,Taylor,susan.williams@example.com,Male
453,Charles,Williams,david.jackson@example.com,Other
454,Patricia,Gonzalez,sarah.wilson@example.com,Female
455,Susan,Johnson,mary.thomas@example.com,Female
456,Elizabeth,Rodriguez,michael.wilson@example.com,Female
457,John,Miller,john.hernandez@example.com,Other
458,David,Wilson,william.taylor@example.com,Male
459,Mary,Johnson,jessica.thomas@example.com,Male
460,Sarah,Martin,thomas.williams@example.com,Other
461,Robert,Lopez,elizabeth.williams@example.com,Female
462,Linda,Johnson,barbara.lopez@example.com,Male
463,James,Hernandez,susan.williams@example.com,Other
464,Barbara,Johnson,patricia.martinez@example.com,Male
465,Jennifer,Davis,jessica.davis@example.com,Female
466,Jessica,Moore,james.lopez@example.com,Other
467,Barbara,Martin,barbara.thomas@example.com,Female
468,David,Davis,barbara.lopez@example.com,Female
469,William,Garcia,richard.anderson@example.com,Male
470,Sarah,Gonzalez,james.thomas@example.com,Male
471,Thomas,Martin,robert.jones@example.com,Male
472,Susan,Hernandez,karen.moore@example.com,Other
473,Barbara,Anderson,barbara.smith@example.com,Female
474,Jessica,Rodriguez,linda.jackson@example.com,Female
475,William,Brown,joseph.williams@example.com,Female
476,Michael,Williams,patricia.smith@example.com,Other
477,William,Lopez,barbara.hernandez@example.com,Female
478,Elizabeth,Garcia,john.jones@example.com,Male
479,Michael,Brown,richard.miller@example.com,Other
480,Sarah,Gonzalez,james.taylor@example.com,Female
481,Patricia,Johnson,sarah.williams@example.com,Female
482,Thomas,Jackson,robert.davis@example.com,Other
483,Joseph,Martinez,barbara.brown@example.com,Female
484,Susan,Gonzalez,william.wilson@example.com,Female
485,Charles,Thomas,sarah.thomas@example.com,Other
486,Elizabeth,Johnson,william.wilson@example.com,Male
487,Thomas,Martinez,robert.jones@example.com,Other
488,Mary,Martinez,john.garcia@example.com,Other
489,David,Brown,mary.rodriguez@example.com,Female
490,John,Rodriguez,william.lopez@example.com,Male
491,Michael,Anderson,thomas.hernandez@example.com,Female
492,Elizabeth,Jones,jessica.johnson@example.com,Other
493,Susan,Miller,karen.lopez@example.com,Female
494,Elizabeth,Jones,joseph.williams@example.com,Other
495,Susan,Wilson,patricia.moore@example.com,Male
496,Robert,Anderson,susan.williams@example.com,Male
497,Jessica,Smith,william.smith@example.com,Female
498,Jennifer,Smith,thomas.thomas@example.com,Male
499,Thomas,Brown,john.wilson@example.com,Male
500,Michael,Gonzalez,james.brown@example.com,Female
